{"data":{"Year":[2005,2006,2007,2008,2009,2010,2011,2012,2013,2014,2015,2016,2005,2006,2007,2008,2009,2010,2011,2012,2013,2014,2015,2016,2005,2006,2007,2008,2009,2010,2011,2012,2013,2014,2015,2016],"Units":["2005 = 100","2005 = 100","2005 = 100","2005 = 100","2005 = 100","2005 = 100","2005 = 100","2005 = 100","2005 = 100","2005 = 100","2005 = 100","2005 = 100","2005 = 100","2005 = 100","2005 = 100","2005 = 100","2005 = 100","2005 = 100","2005 = 100","2005 = 100","2005 = 100","2005 = 100","2005 = 100","2005 = 100","2005 = 100","2005 = 100","2005 = 100","2005 = 100","2005 = 100","2005 = 100","2005 = 100","2005 = 100","2005 = 100","2005 = 100","2005 = 100","2005 = 100"],"title":["direct co2 emissions and co2 content of consumer goods","direct co2 emissions and co2 content of consumer goods","direct co2 emissions and co2 content of consumer goods","direct co2 emissions and co2 content of consumer goods","direct co2 emissions and co2 content of consumer goods","direct co2 emissions and co2 content of consumer goods","direct co2 emissions and co2 content of consumer goods","direct co2 emissions and co2 content of consumer goods","direct co2 emissions and co2 content of consumer goods","direct co2 emissions and co2 content of consumer goods","direct co2 emissions and co2 content of consumer goods","direct co2 emissions and co2 content of consumer goods","energy content of consumer goods","energy content of consumer goods","energy content of consumer goods","energy content of consumer goods","energy content of consumer goods","energy content of consumer goods","energy content of consumer goods","energy content of consumer goods","energy content of consumer goods","energy content of consumer goods","energy content of consumer goods","energy content of consumer goods","direct energy consumption","direct energy consumption","direct energy consumption","direct energy consumption","direct energy consumption","direct energy consumption","direct energy consumption","direct energy consumption","direct energy consumption","direct energy consumption","direct energy consumption","direct energy consumption"],"Value":[100.0,98.5349587348,96.1999654927,102.4890480114,101.7521297115,105.1362065405,102.3419358517,102.1422318834,103.3160359628,97.3853507885,98.3992195562,98.0497471928,100.0,98.0142500935,93.2511727028,98.8433849058,98.4642081789,101.8603238964,97.5320792064,96.8038290684,98.27749413,91.7192614247,93.6016465771,93.5280102767,39.9656885849,38.8415616284,37.3932094191,38.383644152,38.6276535516,41.1338718877,37.3554148473,37.6857658018,39.7320745662,35.4122420851,37.3643097279,38.4158657411]},"edges":[]}