{"Year":[2012,2016,2018,2012,2016,2018,2012,2016,2018,2012,2016,2018,2012,2016,2018,2012,2016,2018,2012,2016,2018,2012,2016,2018,2012,2016,2018,2012,2016,2018,2012,2016,2018,2012,2016,2018,2012,2016,2018,2012,2016,2018,2012,2016,2018,2012,2016,2018,2012,2016,2018],"Units":["min.","min.","min.","min.","min.","min.","min.","min.","min.","min.","min.","min.","min.","min.","min.","min.","min.","min.","min.","min.","min.","min.","min.","min.","min.","min.","min.","min.","min.","min.","min.","min.","min.","min.","min.","min.","min.","min.","min.","min.","min.","min.","min.","min.","min.","min.","min.","min.","min.","min.","min."],"Bundesland":["a) germany (total)","a) germany (total)","a) germany (total)","bw","bw","bw","by","by","by","be","be","be","bb","bb","bb","hb","hb","hb","hh","hh","hh","he","he","he","mv","mv","mv","ni","ni","ni","nw","nw","nw","rp","rp","rp","sl","sl","sl","sn","sn","sn","st","st","st","sh","sh","sh","th","th","th"],"GeoCode":[null,null,null,"code08","code08","code08","code09","code09","code09","code11","code11","code11","code12","code12","code12","code04","code04","code04","code02","code02","code02","code06","code06","code06","code13","code13","code13","code03","code03","code03","code05","code05","code05","code07","code07","code07","code10","code10","code10","code14","code14","code14","code15","code15","code15","code01","code01","code01","code16","code16","code16"],"Value":[23.4894777595,22.4107417859,21.8585631686,22.8018159901,21.8484193405,21.6110620294,23.6695347428,22.4172225539,20.8590372803,27.1873231354,24.8654133821,24.4045073328,24.5857352981,22.2712385491,21.4810086429,24.5391012571,22.5212967212,21.8340581608,23.5455259122,25.8062485415,25.8708831152,20.2012144422,19.2642544867,18.930538921,32.3135857942,30.6671618748,30.6012776575,27.4395496133,25.5973854856,24.8926493996,19.4016028545,19.2862660927,18.9840449935,22.9513813579,20.9373705359,20.5560560149,22.5890013807,20.4984568421,20.4560745453,24.8944824061,23.3300612409,22.9686181085,28.9184595898,27.1505826043,27.5166022872,30.0624587189,28.9873273816,28.3352953932,24.4492075361,23.5038051575,22.9861970965]}