{"Year":[2007,2008,2009,2010,2011,2012,2013,2014,2015,2016,2017,2030],"Units":["mio.","mio.","mio.","mio.","mio.","mio.","mio.","mio.","mio.","mio.","mio.","mio."],"display":["a) time series","a) time series","a) time series","a) time series","a) time series","a) time series","a) time series","a) time series","a) time series","a) time series","a) time series","b) target (max)"],"Value":[29.659175,21.015882,31.125615,34.611284,36.371937,12.506705,17.184447,11.903652,4.986907,3.842398,2.539143,0.0]}