{"Year":[1990,1991,1992,1993,1994,1995,1996,1997,1998,1999,2000,2001,2002,2003,2004,2005,2006,2007,2008,2009,2010,2011,2012,2013,2014,2015,2016,2017,2030],"Units":["percentage (%)","percentage (%)","percentage (%)","percentage (%)","percentage (%)","percentage (%)","percentage (%)","percentage (%)","percentage (%)","percentage (%)","percentage (%)","percentage (%)","percentage (%)","percentage (%)","percentage (%)","percentage (%)","percentage (%)","percentage (%)","percentage (%)","percentage (%)","percentage (%)","percentage (%)","percentage (%)","percentage (%)","percentage (%)","percentage (%)","percentage (%)","percentage (%)","percentage (%)"],"display":["a) time series","a) time series","a) time series","a) time series","a) time series","a) time series","a) time series","a) time series","a) time series","a) time series","a) time series","a) time series","a) time series","a) time series","a) time series","a) time series","a) time series","a) time series","a) time series","a) time series","a) time series","a) time series","a) time series","a) time series","a) time series","a) time series","a) time series","a) time series","b) target (min)"],"Value":[17.96875,17.8378378378,19.7916666667,20.4301075269,23.5897435897,23.9024390244,21.568627451,23.4449760766,19.7183098592,27.5229357798,28.5067873303,29.2237442922,26.7857142857,31.1111111111,32.0,30.5220883534,34.0248962656,31.1740890688,32.9113924051,33.3333333333,31.8725099602,37.9446640316,35.3909465021,35.8870967742,35.0806451613,30.2040816327,36.9477911647,35.0210970464,100.0]}